,pclass,survived,sex,age,sibsp,parch,fare,embarked
0,1,1,female,29.0,0,0,211.3,S
1,1,1,male,0.9,1,2,151.6,S
2,1,0,female,2.0,1,2,151.6,S
3,1,0,male,30.0,1,2,151.6,S
4,1,0,female,25.0,1,2,151.6,S
5,1,1,male,48.0,0,0,26.6,S
6,1,1,female,63.0,1,0,78.0,S
7,1,0,male,39.0,0,0,0.0,S
8,1,1,female,53.0,2,0,51.5,S
9,1,0,male,71.0,0,0,49.5,C
10,1,0,male,47.0,1,0,227.5,C
11,1,1,female,18.0,1,0,227.5,C
12,1,1,female,24.0,0,0,69.3,C
13,1,1,female,26.0,0,0,78.8,S
14,1,1,male,80.0,0,0,30.0,S
15,1,0,male,28.0,0,0,25.9,S
16,1,0,male,24.0,0,1,247.5,C
17,1,1,female,50.0,0,1,247.5,C
18,1,1,female,32.0,0,0,76.3,C
19,1,0,male,36.0,0,0,75.2,C
20,1,1,male,37.0,1,1,52.6,S
21,1,1,female,47.0,1,1,52.6,S
22,1,1,male,26.0,0,0,30.0,C
23,1,1,female,42.0,0,0,227.5,C
24,1,1,female,29.0,0,0,221.8,S
25,1,0,male,25.0,0,0,26.0,C
26,1,1,male,25.0,1,0,91.1,C
27,1,1,female,19.0,1,0,91.1,C
28,1,1,female,35.0,0,0,135.6,S
29,1,1,male,28.0,0,0,26.6,S
30,1,0,male,45.0,0,0,35.5,S
31,1,1,male,40.0,0,0,31.0,C
32,1,1,female,30.0,0,0,164.9,S
33,1,1,female,58.0,0,0,26.6,S
34,1,0,male,42.0,0,0,26.6,S
35,1,1,female,45.0,0,0,262.4,C
36,1,1,female,22.0,0,1,55.0,S
37,1,1,male,28.0,0,0,26.6,S
38,1,0,male,41.0,0,0,30.5,S
39,1,0,male,48.0,0,0,50.5,C
40,1,0,male,28.0,0,0,39.6,C
41,1,1,female,44.0,0,0,27.7,C
42,1,1,female,59.0,2,0,51.5,S
43,1,1,female,60.0,0,0,76.3,C
44,1,1,female,41.0,0,0,134.5,C
45,1,0,male,45.0,0,0,26.6,S
46,1,0,male,28.0,0,0,31.0,S
47,1,1,male,42.0,0,0,26.3,S
48,1,1,female,53.0,0,0,27.4,C
49,1,1,male,36.0,0,1,512.3,C
50,1,1,female,58.0,0,1,512.3,C
51,1,0,male,33.0,0,0,5.0,S
52,1,0,male,28.0,0,0,47.1,S
53,1,0,male,17.0,0,0,47.1,S
54,1,1,male,11.0,1,2,120.0,S
55,1,1,female,14.0,1,2,120.0,S
56,1,1,male,36.0,1,2,120.0,S
57,1,1,female,36.0,1,2,120.0,S
58,1,0,male,49.0,0,0,26.0,S
59,1,1,female,28.0,0,0,27.7,C
60,1,0,male,36.0,1,0,78.8,S
61,1,1,female,76.0,1,0,78.8,S
62,1,0,male,46.0,1,0,61.2,S
63,1,1,female,47.0,1,0,61.2,S
64,1,1,male,27.0,1,0,53.1,S
65,1,1,female,33.0,1,0,53.1,S
66,1,1,female,36.0,0,0,262.4,C
67,1,1,female,30.0,0,0,86.5,S
68,1,1,male,45.0,0,0,29.7,C
69,1,1,female,28.0,0,1,55.0,S
70,1,0,male,28.0,0,0,0.0,S
71,1,0,male,27.0,1,0,136.8,C
72,1,1,female,26.0,1,0,136.8,C
73,1,1,female,22.0,0,0,151.6,S
74,1,0,male,28.0,0,0,52.0,S
75,1,0,male,47.0,0,0,25.6,S
76,1,1,female,39.0,1,1,83.2,C
77,1,0,male,37.0,1,1,83.2,C
78,1,1,female,64.0,0,2,83.2,C
79,1,1,female,55.0,2,0,25.7,S
80,1,0,male,28.0,0,0,26.6,S
81,1,0,male,70.0,1,1,71.0,S
82,1,1,female,36.0,0,2,71.0,S
83,1,1,female,64.0,1,1,26.6,S
84,1,0,male,39.0,1,0,71.3,C
85,1,1,female,38.0,1,0,71.3,C
86,1,1,male,51.0,0,0,26.6,S
87,1,1,male,27.0,0,0,30.5,S
88,1,1,female,33.0,0,0,151.6,S
89,1,0,male,31.0,1,0,52.0,S
90,1,1,female,27.0,1,2,52.0,S
91,1,1,male,31.0,1,0,57.0,S
92,1,1,female,17.0,1,0,57.0,S
93,1,1,male,53.0,1,1,81.9,S
94,1,1,male,4.0,0,2,81.9,S
95,1,1,female,54.0,1,1,81.9,S
96,1,0,male,50.0,1,0,106.4,C
97,1,1,female,27.0,1,1,247.5,C
98,1,1,female,48.0,1,0,106.4,C
99,1,1,female,48.0,1,0,39.6,C
100,1,1,male,49.0,1,0,56.9,C
101,1,0,male,39.0,0,0,29.7,C
102,1,1,female,23.0,0,1,83.2,C
103,1,1,female,38.0,0,0,227.5,C
104,1,1,female,54.0,1,0,78.3,C
105,1,0,female,36.0,0,0,31.7,C
106,1,0,male,28.0,0,0,221.8,S
107,1,1,female,28.0,0,0,31.7,S
108,1,1,female,28.0,0,0,110.9,C
109,1,1,male,36.0,0,0,26.4,S
110,1,0,male,30.0,0,0,27.8,C
111,1,1,female,24.0,3,2,263.0,S
112,1,1,female,28.0,3,2,263.0,S
113,1,1,female,23.0,3,2,263.0,S
114,1,0,male,19.0,3,2,263.0,S
115,1,0,male,64.0,1,4,263.0,S
116,1,1,female,60.0,1,4,263.0,S
117,1,1,female,30.0,0,0,56.9,C
118,1,0,male,28.0,0,0,26.6,S
119,1,1,male,50.0,2,0,133.6,S
120,1,1,male,43.0,1,0,27.7,C
121,1,1,female,28.0,1,0,133.6,S
122,1,1,female,22.0,0,2,49.5,C
123,1,1,male,60.0,1,1,79.2,C
124,1,1,female,48.0,1,1,79.2,C
125,1,0,male,28.0,0,0,0.0,S
126,1,0,male,37.0,1,0,53.1,S
127,1,1,female,35.0,1,0,53.1,S
128,1,0,male,47.0,0,0,38.5,S
129,1,1,female,35.0,0,0,211.5,C
130,1,1,female,22.0,0,1,59.4,C
131,1,1,female,45.0,0,1,59.4,C
132,1,0,male,24.0,0,0,79.2,C
133,1,1,male,49.0,1,0,89.1,C
134,1,1,female,28.0,1,0,89.1,C
135,1,0,male,71.0,0,0,34.7,C
136,1,1,male,53.0,0,0,28.5,C
137,1,1,female,19.0,0,0,30.0,S
138,1,0,male,38.0,0,1,153.5,S
139,1,1,female,58.0,0,1,153.5,S
140,1,1,male,23.0,0,1,63.4,C
141,1,1,female,45.0,0,1,63.4,C
142,1,0,male,46.0,0,0,79.2,C
143,1,1,male,25.0,1,0,55.4,C
144,1,1,female,25.0,1,0,55.4,C
145,1,1,male,48.0,1,0,76.7,C
146,1,1,female,49.0,1,0,76.7,C
147,1,0,male,28.0,0,0,42.4,S
148,1,0,male,45.0,1,0,83.5,S
149,1,1,female,35.0,1,0,83.5,S
150,1,0,male,40.0,0,0,0.0,S
151,1,1,male,27.0,0,0,76.7,C
152,1,1,male,28.0,0,0,30.0,S
153,1,1,female,24.0,0,0,83.2,C
154,1,0,male,55.0,1,1,93.5,S
155,1,1,female,52.0,1,1,93.5,S
156,1,0,male,42.0,0,0,42.5,S
157,1,0,male,28.0,0,0,51.9,S
158,1,0,male,55.0,0,0,50.0,S
159,1,1,female,16.0,0,1,58.0,C
160,1,1,female,44.0,0,1,58.0,C
161,1,1,female,51.0,1,0,78.0,S
162,1,0,male,42.0,1,0,52.0,S
163,1,1,female,35.0,1,0,52.0,S
164,1,1,male,35.0,0,0,26.6,C
165,1,1,male,38.0,1,0,90.0,S
166,1,0,male,28.0,0,0,30.7,C
167,1,1,female,35.0,1,0,90.0,S
168,1,0,female,50.0,0,0,28.7,C
169,1,1,male,49.0,0,0,0.0,S
170,1,0,male,46.0,0,0,26.0,S
171,1,0,male,50.0,0,0,26.0,S
172,1,0,male,32.5,0,0,211.5,C
173,1,0,male,58.0,0,0,29.7,C
174,1,0,male,41.0,1,0,51.9,S
175,1,1,female,28.0,1,0,51.9,S
176,1,1,male,42.0,1,0,52.6,S
177,1,1,female,45.0,1,0,52.6,S
178,1,0,male,28.0,0,0,26.6,S
179,1,1,female,39.0,0,0,211.3,S
180,1,1,female,49.0,0,0,25.9,S
181,1,1,female,30.0,0,0,106.4,C
182,1,1,male,35.0,0,0,512.3,C
183,1,0,male,28.0,0,0,27.7,C
184,1,0,male,42.0,0,0,26.6,S
185,1,1,female,55.0,0,0,27.7,C
186,1,1,female,16.0,0,1,39.4,S
187,1,1,female,51.0,0,1,39.4,S
188,1,0,male,29.0,0,0,30.0,S
189,1,1,female,21.0,0,0,78.0,S
190,1,0,male,30.0,0,0,45.5,S
191,1,1,female,58.0,0,0,146.5,C
192,1,1,female,15.0,0,1,211.3,S
193,1,0,male,30.0,0,0,26.0,S
194,1,1,female,16.0,0,0,86.5,S
195,1,1,male,28.0,0,0,29.7,C
196,1,0,male,19.0,1,0,53.1,S
197,1,1,female,18.0,1,0,53.1,S
198,1,1,female,24.0,0,0,49.5,C
199,1,0,male,46.0,0,0,75.2,C
200,1,0,male,54.0,0,0,51.9,S
201,1,1,male,36.0,0,0,26.3,S
202,1,0,male,28.0,1,0,82.2,C
203,1,1,female,28.0,1,0,82.2,C
204,1,0,male,65.0,0,0,26.6,S
205,1,0,male,44.0,2,0,90.0,Q
206,1,1,female,33.0,1,0,90.0,Q
207,1,1,female,37.0,1,0,90.0,Q
208,1,1,male,30.0,1,0,57.8,C
209,1,0,male,55.0,0,0,30.5,S
210,1,0,male,47.0,0,0,42.4,S
211,1,0,male,37.0,0,1,29.7,C
212,1,1,female,31.0,1,0,113.3,C
213,1,1,female,23.0,1,0,113.3,C
214,1,0,male,58.0,0,2,113.3,C
215,1,1,female,19.0,0,2,26.3,S
216,1,0,male,64.0,0,0,26.0,S
217,1,1,female,39.0,0,0,108.9,C
218,1,1,male,28.0,0,0,25.7,C
219,1,1,female,22.0,0,1,62.0,C
220,1,0,male,65.0,0,1,62.0,C
221,1,0,male,28.5,0,0,27.7,C
222,1,0,male,28.0,0,0,0.0,S
223,1,0,male,45.5,0,0,28.5,S
224,1,0,male,23.0,0,0,93.5,S
225,1,0,male,29.0,1,0,66.6,S
226,1,1,female,22.0,1,0,66.6,S
227,1,0,male,18.0,1,0,108.9,C
228,1,1,female,17.0,1,0,108.9,C
229,1,1,female,30.0,0,0,93.5,S
230,1,1,male,52.0,0,0,30.5,S
231,1,0,male,47.0,0,0,52.0,S
232,1,1,female,56.0,0,1,83.2,C
233,1,0,male,38.0,0,0,0.0,S
234,1,1,male,28.0,0,0,39.6,S
235,1,0,male,22.0,0,0,135.6,C
236,1,0,male,28.0,0,0,227.5,C
237,1,1,female,43.0,0,1,211.3,S
238,1,0,male,31.0,0,0,50.5,S
239,1,1,male,45.0,0,0,26.6,S
240,1,0,male,28.0,0,0,50.0,S
241,1,1,female,33.0,0,0,27.7,C
242,1,0,male,46.0,0,0,79.2,C
243,1,0,male,36.0,0,0,40.1,C
244,1,1,female,33.0,0,0,86.5,S
245,1,0,male,55.0,1,0,59.4,C
246,1,1,female,54.0,1,0,59.4,C
247,1,0,male,33.0,0,0,26.6,S
248,1,1,male,13.0,2,2,262.4,C
249,1,1,female,18.0,2,2,262.4,C
250,1,1,female,21.0,2,2,262.4,C
251,1,0,male,61.0,1,3,262.4,C
252,1,1,female,48.0,1,3,262.4,C
253,1,1,male,28.0,0,0,30.5,S
254,1,1,female,24.0,0,0,69.3,C
255,1,1,male,28.0,0,0,26.0,S
256,1,1,female,35.0,1,0,57.8,C
257,1,1,female,30.0,0,0,31.0,C
258,1,1,male,34.0,0,0,26.6,S
259,1,1,female,40.0,0,0,153.5,S
260,1,1,male,35.0,0,0,26.3,S
261,1,0,male,50.0,1,0,55.9,S
262,1,1,female,39.0,1,0,55.9,S
263,1,1,male,56.0,0,0,35.5,C
264,1,1,male,28.0,0,0,35.5,S
265,1,0,male,56.0,0,0,26.6,S
266,1,0,male,56.0,0,0,30.7,C
267,1,0,male,24.0,1,0,60.0,S
268,1,0,male,28.0,0,0,26.0,S
269,1,1,female,18.0,1,0,60.0,S
270,1,1,male,24.0,1,0,82.3,S
271,1,1,female,23.0,1,0,82.3,S
272,1,1,male,6.0,0,2,134.5,C
273,1,1,male,45.0,1,1,134.5,C
274,1,1,female,40.0,1,1,134.5,C
275,1,0,male,57.0,1,0,146.5,C
276,1,1,female,28.0,1,0,146.5,C
277,1,1,male,32.0,0,0,30.5,C
278,1,0,male,62.0,0,0,26.6,S
279,1,1,male,54.0,1,0,55.4,C
280,1,1,female,43.0,1,0,55.4,C
281,1,1,female,52.0,1,0,78.3,C
282,1,0,male,28.0,0,0,27.7,C
283,1,0,male,67.0,1,0,221.8,S
284,1,0,female,63.0,1,0,221.8,S
285,1,0,male,61.0,0,0,32.3,S
286,1,1,female,48.0,0,0,25.9,S
287,1,1,female,18.0,0,2,79.6,S
288,1,0,male,52.0,1,1,79.6,S
289,1,1,female,39.0,1,1,79.6,S
290,1,1,male,48.0,1,0,52.0,S
291,1,1,female,28.0,1,0,52.0,S
292,1,0,male,49.0,1,1,110.9,C
293,1,1,male,17.0,0,2,110.9,C
294,1,1,female,39.0,1,1,110.9,C
295,1,1,female,28.0,0,0,79.2,C
296,1,1,male,31.0,0,0,28.5,C
297,1,0,male,40.0,0,0,27.7,C
298,1,0,male,61.0,0,0,33.5,S
299,1,0,male,47.0,0,0,34.0,S
300,1,1,female,35.0,0,0,512.3,C
301,1,0,male,64.0,1,0,75.2,C
302,1,1,female,60.0,1,0,75.2,C
303,1,0,male,60.0,0,0,26.6,S
304,1,0,male,54.0,0,1,77.3,S
305,1,0,male,21.0,0,1,77.3,S
306,1,1,female,55.0,0,0,135.6,C
307,1,1,female,31.0,0,2,164.9,S
308,1,0,male,57.0,1,1,164.9,S
309,1,1,female,45.0,1,1,164.9,S
310,1,0,male,50.0,1,1,211.5,C
311,1,0,male,27.0,0,2,211.5,C
312,1,1,female,50.0,1,1,211.5,C
313,1,1,female,21.0,0,0,26.6,S
314,1,0,male,51.0,0,1,61.4,C
315,1,1,male,21.0,0,1,61.4,C
316,1,0,male,28.0,0,0,35.0,S
317,1,1,female,31.0,0,0,134.5,C
318,1,1,male,28.0,0,0,35.5,S
319,1,0,male,62.0,0,0,26.6,S
320,1,1,female,36.0,0,0,135.6,C
321,2,0,male,30.0,1,0,24.0,C
322,2,1,female,28.0,1,0,24.0,C
323,2,0,male,30.0,0,0,13.0,S
324,2,0,male,18.0,0,0,11.5,S
325,2,0,male,25.0,0,0,10.5,S
326,2,0,male,34.0,1,0,26.0,S
327,2,1,female,36.0,1,0,26.0,S
328,2,0,male,57.0,0,0,13.0,S
329,2,0,male,18.0,0,0,11.5,S
330,2,0,male,23.0,0,0,10.5,S
331,2,1,female,36.0,0,0,13.0,S
332,2,0,male,28.0,0,0,10.5,S
333,2,0,male,51.0,0,0,12.5,S
334,2,1,male,32.0,1,0,26.0,S
335,2,1,female,19.0,1,0,26.0,S
336,2,0,male,28.0,0,0,26.0,S
337,2,1,male,1.0,2,1,39.0,S
338,2,1,female,4.0,2,1,39.0,S
339,2,1,female,12.0,2,1,39.0,S
340,2,1,female,36.0,0,3,39.0,S
341,2,1,male,34.0,0,0,13.0,S
342,2,1,female,19.0,0,0,13.0,S
343,2,0,male,23.0,0,0,13.0,S
344,2,0,male,26.0,0,0,13.0,S
345,2,0,male,42.0,0,0,13.0,S
346,2,0,male,27.0,0,0,13.0,S
347,2,1,female,24.0,0,0,13.0,S
348,2,1,female,15.0,0,2,39.0,S
349,2,0,male,60.0,1,1,39.0,S
350,2,1,female,40.0,1,1,39.0,S
351,2,1,female,20.0,1,0,26.0,S
352,2,0,male,25.0,1,0,26.0,S
353,2,1,female,36.0,0,0,13.0,S
354,2,0,male,25.0,0,0,13.0,S
355,2,0,male,42.0,0,0,13.0,S
356,2,1,female,42.0,0,0,13.0,S
357,2,1,male,0.8,0,2,29.0,S
358,2,1,male,26.0,1,1,29.0,S
359,2,1,female,22.0,1,1,29.0,S
360,2,1,female,35.0,0,0,21.0,S
361,2,0,male,28.0,0,0,0.0,S
362,2,0,male,19.0,0,0,13.0,S
363,2,0,female,44.0,1,0,26.0,S
364,2,0,male,54.0,1,0,26.0,S
365,2,0,male,52.0,0,0,13.5,S
366,2,0,male,37.0,1,0,26.0,S
367,2,0,female,29.0,1,0,26.0,S
368,2,1,female,25.0,1,1,30.0,S
369,2,1,female,45.0,0,2,30.0,S
370,2,0,male,29.0,1,0,26.0,S
371,2,1,female,28.0,1,0,26.0,S
372,2,0,male,29.0,0,0,10.5,S
373,2,0,male,28.0,0,0,13.0,S
374,2,1,male,24.0,0,0,10.5,S
375,2,1,female,8.0,0,2,26.2,S
376,2,0,male,31.0,1,1,26.2,S
377,2,1,female,31.0,1,1,26.2,S
378,2,1,female,22.0,0,0,10.5,S
379,2,0,female,30.0,0,0,13.0,S
380,2,0,female,28.0,0,0,21.0,S
381,2,0,male,21.0,0,0,11.5,S
382,2,0,male,28.0,0,0,0.0,S
383,2,1,male,8.0,1,1,36.8,S
384,2,0,male,18.0,0,0,73.5,S
385,2,1,female,48.0,0,2,36.8,S
386,2,1,female,28.0,0,0,13.0,S
387,2,0,male,32.0,0,0,13.0,S
388,2,0,male,17.0,0,0,73.5,S
389,2,0,male,29.0,1,0,27.7,C
390,2,1,female,24.0,1,0,27.7,C
391,2,0,male,25.0,0,0,31.5,S
392,2,0,male,18.0,0,0,73.5,S
393,2,1,female,18.0,0,1,23.0,S
394,2,1,female,34.0,0,1,23.0,S
395,2,0,male,54.0,0,0,26.0,S
396,2,1,male,8.0,0,2,32.5,S
397,2,0,male,42.0,1,1,32.5,S
398,2,1,female,34.0,1,1,32.5,S
399,2,1,female,27.0,1,0,13.9,C
400,2,1,female,30.0,1,0,13.9,C
401,2,0,male,23.0,0,0,13.0,S
402,2,0,male,21.0,0,0,13.0,S
403,2,0,male,18.0,0,0,13.0,S
404,2,0,male,40.0,1,0,26.0,S
405,2,1,female,29.0,1,0,26.0,S
406,2,0,male,18.0,0,0,10.5,S
407,2,0,male,36.0,0,0,13.0,S
408,2,0,male,28.0,0,0,0.0,S
409,2,0,female,38.0,0,0,13.0,S
410,2,0,male,35.0,0,0,26.0,S
411,2,0,male,38.0,1,0,21.0,S
412,2,0,male,34.0,1,0,21.0,S
413,2,1,female,34.0,0,0,13.0,S
414,2,0,male,16.0,0,0,26.0,S
415,2,0,male,26.0,0,0,10.5,S
416,2,0,male,47.0,0,0,10.5,S
417,2,0,male,21.0,1,0,11.5,S
418,2,0,male,21.0,1,0,11.5,S
419,2,0,male,24.0,0,0,13.5,S
420,2,0,male,24.0,0,0,13.0,S
421,2,0,male,34.0,0,0,13.0,S
422,2,0,male,30.0,0,0,13.0,S
423,2,0,male,52.0,0,0,13.0,S
424,2,0,male,30.0,0,0,13.0,S
425,2,1,male,0.7,1,1,14.5,S
426,2,1,female,24.0,0,2,14.5,S
427,2,0,male,44.0,0,0,13.0,S
428,2,1,female,6.0,0,1,33.0,S
429,2,0,male,28.0,0,1,33.0,S
430,2,1,male,62.0,0,0,10.5,S
431,2,0,male,30.0,0,0,10.5,S
432,2,1,female,7.0,0,2,26.2,S
433,2,0,male,43.0,1,1,26.2,S
434,2,1,female,45.0,1,1,26.2,S
435,2,1,female,24.0,1,2,65.0,S
436,2,1,female,24.0,1,2,65.0,S
437,2,0,male,49.0,1,2,65.0,S
438,2,1,female,48.0,1,2,65.0,S
439,2,1,female,55.0,0,0,16.0,S
440,2,0,male,24.0,2,0,73.5,S
441,2,0,male,32.0,2,0,73.5,S
442,2,0,male,21.0,2,0,73.5,S
443,2,0,female,18.0,1,1,13.0,S
444,2,1,female,20.0,2,1,23.0,S
445,2,0,male,23.0,2,1,11.5,S
446,2,0,male,36.0,0,0,13.0,S
447,2,1,female,54.0,1,3,23.0,S
448,2,0,male,50.0,0,0,13.0,S
449,2,0,male,44.0,1,0,26.0,S
450,2,1,female,29.0,1,0,26.0,S
451,2,0,male,21.0,0,0,73.5,S
452,2,1,male,42.0,0,0,13.0,S
453,2,0,male,63.0,1,0,26.0,S
454,2,0,female,60.0,1,0,26.0,S
455,2,0,male,33.0,0,0,12.3,S
456,2,1,female,17.0,0,0,10.5,S
457,2,0,male,42.0,1,0,27.0,S
458,2,1,female,24.0,2,1,27.0,S
459,2,0,male,47.0,0,0,15.0,S
460,2,0,male,24.0,2,0,31.5,S
461,2,0,male,22.0,2,0,31.5,S
462,2,0,male,32.0,0,0,10.5,S
463,2,1,female,23.0,0,0,13.8,C
464,2,0,male,34.0,1,0,26.0,S
465,2,1,female,24.0,1,0,26.0,S
466,2,0,female,22.0,0,0,21.0,S
467,2,1,female,28.0,0,0,12.4,Q
468,2,0,male,35.0,0,0,12.4,Q
469,2,1,female,45.0,0,0,13.5,S
470,2,0,male,57.0,0,0,12.4,Q
471,2,0,male,28.0,0,0,0.0,S
472,2,0,male,31.0,0,0,10.5,S
473,2,0,female,26.0,1,1,26.0,S
474,2,0,male,30.0,1,1,26.0,S
475,2,0,male,28.0,0,0,10.7,Q
476,2,1,female,1.0,1,2,41.6,C
477,2,1,female,3.0,1,2,41.6,C
478,2,0,male,25.0,1,2,41.6,C
479,2,1,female,22.0,1,2,41.6,C
480,2,1,female,17.0,0,0,12.0,C
481,2,1,female,28.0,0,0,33.0,S
482,2,1,female,34.0,0,0,10.5,S
483,2,0,male,36.0,0,0,12.9,C
484,2,0,male,24.0,0,0,10.5,S
485,2,0,male,61.0,0,0,12.4,Q
486,2,0,male,50.0,1,0,26.0,S
487,2,1,female,42.0,1,0,26.0,S
488,2,0,female,57.0,0,0,10.5,S
489,2,0,male,28.0,0,0,15.0,C
490,2,1,male,1.0,0,2,37.0,C
491,2,0,male,31.0,1,1,37.0,C
492,2,1,female,24.0,1,1,37.0,C
493,2,0,male,28.0,0,0,15.6,C
494,2,0,male,30.0,0,0,13.0,S
495,2,0,male,40.0,0,0,16.0,S
496,2,0,male,32.0,0,0,13.5,S
497,2,0,male,30.0,0,0,13.0,S
498,2,0,male,46.0,0,0,26.0,S
499,2,1,female,13.0,0,1,19.5,S
500,2,1,female,41.0,0,1,19.5,S
501,2,1,male,19.0,0,0,10.5,S
502,2,0,male,39.0,0,0,13.0,S
503,2,0,male,48.0,0,0,13.0,S
504,2,0,male,70.0,0,0,10.5,S
505,2,0,male,27.0,0,0,13.0,S
506,2,0,male,54.0,0,0,14.0,S
507,2,0,male,39.0,0,0,26.0,S
508,2,0,male,16.0,0,0,10.5,S
509,2,0,male,62.0,0,0,9.7,Q
510,2,0,male,32.5,1,0,30.1,C
511,2,1,female,14.0,1,0,30.1,C
512,2,1,male,2.0,1,1,26.0,S
513,2,1,male,3.0,1,1,26.0,S
514,2,0,male,36.5,0,2,26.0,S
515,2,0,male,26.0,0,0,13.0,S
516,2,0,male,19.0,1,1,36.8,S
517,2,0,male,28.0,0,0,13.5,S
518,2,1,male,20.0,0,0,13.9,C
519,2,1,female,29.0,0,0,10.5,S
520,2,0,male,39.0,0,0,13.0,S
521,2,1,male,22.0,0,0,10.5,S
522,2,1,male,28.0,0,0,13.9,C
523,2,0,male,23.0,0,0,10.5,S
524,2,1,male,29.0,0,0,13.9,C
525,2,0,male,28.0,0,0,10.5,S
526,2,0,male,28.0,0,0,0.0,S
527,2,1,female,50.0,0,1,26.0,S
528,2,0,male,19.0,0,0,10.5,S
529,2,0,male,28.0,0,0,15.0,C
530,2,0,male,41.0,0,0,13.0,S
531,2,1,female,21.0,0,1,21.0,S
532,2,1,female,19.0,0,0,26.0,S
533,2,0,male,43.0,0,1,21.0,S
534,2,1,female,32.0,0,0,13.0,S
535,2,0,male,34.0,0,0,13.0,S
536,2,1,male,30.0,0,0,12.7,C
537,2,0,male,27.0,0,0,15.0,C
538,2,1,female,2.0,1,1,26.0,S
539,2,1,female,8.0,1,1,26.0,S
540,2,1,female,33.0,0,2,26.0,S
541,2,0,male,36.0,0,0,10.5,S
542,2,0,male,34.0,1,0,21.0,S
543,2,1,female,30.0,3,0,21.0,S
544,2,1,female,28.0,0,0,13.0,S
545,2,0,male,23.0,0,0,15.0,C
546,2,1,male,0.8,1,1,18.8,S
547,2,1,male,3.0,1,1,18.8,S
548,2,1,female,24.0,2,3,18.8,S
549,2,1,female,50.0,0,0,10.5,S
550,2,0,male,19.0,0,0,10.5,S
551,2,1,female,21.0,0,0,10.5,S
552,2,0,male,26.0,0,0,13.0,S
553,2,0,male,25.0,0,0,13.0,S
554,2,0,male,27.0,0,0,26.0,S
555,2,1,female,25.0,0,1,26.0,S
556,2,1,female,18.0,0,2,13.0,S
557,2,1,female,20.0,0,0,36.8,S
558,2,1,female,30.0,0,0,13.0,S
559,2,0,male,59.0,0,0,13.5,S
560,2,1,female,30.0,0,0,12.4,Q
561,2,0,male,35.0,0,0,10.5,S
562,2,1,female,40.0,0,0,13.0,S
563,2,0,male,25.0,0,0,13.0,S
564,2,0,male,41.0,0,0,15.0,C
565,2,0,male,25.0,0,0,10.5,S
566,2,0,male,18.5,0,0,13.0,S
567,2,0,male,14.0,0,0,65.0,S
568,2,1,female,50.0,0,0,10.5,S
569,2,0,male,23.0,0,0,13.0,S
570,2,1,female,28.0,0,0,12.6,S
571,2,1,female,27.0,0,0,10.5,S
572,2,0,male,29.0,1,0,21.0,S
573,2,0,female,27.0,1,0,21.0,S
574,2,0,male,40.0,0,0,13.0,S
575,2,1,female,31.0,0,0,21.0,S
576,2,0,male,30.0,1,0,21.0,S
577,2,0,male,23.0,1,0,10.5,S
578,2,1,female,31.0,0,0,21.0,S
579,2,0,male,28.0,0,0,0.0,S
580,2,1,female,12.0,0,0,15.8,S
581,2,1,female,40.0,0,0,15.8,S
582,2,1,female,32.5,0,0,13.0,S
583,2,0,male,27.0,1,0,26.0,S
584,2,1,female,29.0,1,0,26.0,S
585,2,1,male,2.0,1,1,23.0,S
586,2,1,female,4.0,1,1,23.0,S
587,2,1,female,29.0,0,2,23.0,S
588,2,1,female,0.9,1,2,27.8,S
589,2,1,female,5.0,1,2,27.8,S
590,2,0,male,36.0,1,2,27.8,S
591,2,1,female,33.0,1,2,27.8,S
592,2,0,male,66.0,0,0,10.5,S
593,2,0,male,28.0,0,0,12.9,S
594,2,1,male,31.0,0,0,13.0,S
595,2,1,male,28.0,0,0,13.0,S
596,2,1,female,26.0,0,0,13.5,S
597,2,0,female,24.0,0,0,13.0,S
598,3,0,male,42.0,0,0,7.6,S
599,3,0,male,13.0,0,2,20.2,S
600,3,0,male,16.0,1,1,20.2,S
601,3,1,female,35.0,1,1,20.2,S
602,3,1,female,16.0,0,0,7.6,S
603,3,1,male,25.0,0,0,7.6,S
604,3,1,male,20.0,0,0,7.9,S
605,3,1,female,18.0,0,0,7.2,C
606,3,0,male,30.0,0,0,7.2,S
607,3,0,male,26.0,0,0,8.0,S
608,3,0,female,40.0,1,0,9.5,S
609,3,1,male,0.8,0,1,9.4,S
610,3,1,female,18.0,0,1,9.4,S
611,3,1,male,26.0,0,0,18.8,C
612,3,0,male,26.0,0,0,7.9,S
613,3,0,male,20.0,0,0,7.9,S
614,3,0,male,24.0,0,0,7.0,S
615,3,0,male,25.0,0,0,7.0,S
616,3,0,male,35.0,0,0,8.0,S
617,3,0,male,18.0,0,0,8.3,S
618,3,0,male,32.0,0,0,22.5,S
619,3,1,female,19.0,1,0,7.9,S
620,3,0,male,4.0,4,2,31.3,S
621,3,0,female,6.0,4,2,31.3,S
622,3,0,female,2.0,4,2,31.3,S
623,3,1,female,17.0,4,2,7.9,S
624,3,0,female,38.0,4,2,7.8,S
625,3,0,female,9.0,4,2,31.3,S
626,3,0,female,11.0,4,2,31.3,S
627,3,0,male,39.0,1,5,31.3,S
628,3,1,male,27.0,0,0,7.8,S
629,3,0,male,26.0,0,0,7.8,S
630,3,0,female,39.0,1,5,31.3,S
631,3,0,male,20.0,0,0,7.9,S
632,3,0,male,26.0,0,0,7.9,S
633,3,0,male,25.0,1,0,17.8,S
634,3,0,female,18.0,1,0,17.8,S
635,3,0,male,24.0,0,0,7.8,S
636,3,0,male,35.0,0,0,7.0,S
637,3,0,male,5.0,4,2,31.4,S
638,3,0,male,9.0,4,2,31.4,S
639,3,1,male,3.0,4,2,31.4,S
640,3,0,male,13.0,4,2,31.4,S
641,3,1,female,5.0,4,2,31.4,S
642,3,0,male,40.0,1,5,31.4,S
643,3,1,male,23.0,0,0,7.8,S
644,3,1,female,38.0,1,5,31.4,S
645,3,1,female,45.0,0,0,7.2,C
646,3,0,male,21.0,0,0,7.2,C
647,3,0,male,23.0,0,0,7.0,S
648,3,0,female,17.0,0,0,14.5,C
649,3,0,male,30.0,0,0,7.2,C
650,3,0,male,23.0,0,0,7.9,S
651,3,1,female,13.0,0,0,7.2,C
652,3,0,male,20.0,0,0,7.2,C
653,3,0,male,32.0,1,0,15.8,S
654,3,1,female,33.0,3,0,15.8,S
655,3,1,female,0.8,2,1,19.3,C
656,3,1,female,0.8,2,1,19.3,C
657,3,1,female,5.0,2,1,19.3,C
658,3,1,female,24.0,0,3,19.3,C
659,3,1,female,18.0,0,0,8.0,S
660,3,0,male,40.0,0,0,7.2,C
661,3,0,male,26.0,0,0,7.9,S
662,3,1,male,20.0,0,0,7.2,C
663,3,0,female,18.0,0,1,14.5,C
664,3,0,female,45.0,0,1,14.5,C
665,3,0,female,27.0,0,0,7.9,Q
666,3,0,male,22.0,0,0,8.0,S
667,3,0,male,19.0,0,0,8.0,S
668,3,0,male,26.0,0,0,7.8,S
669,3,0,male,22.0,0,0,9.4,S
670,3,0,male,28.0,0,0,7.2,C
671,3,0,male,20.0,0,0,4.0,C
672,3,1,male,32.0,0,0,56.5,S
673,3,0,male,21.0,0,0,7.8,S
674,3,0,male,18.0,0,0,7.8,S
675,3,0,male,26.0,0,0,7.9,S
676,3,0,male,6.0,1,1,15.2,C
677,3,0,female,9.0,1,1,15.2,C
678,3,0,male,28.0,0,0,7.2,C
679,3,0,female,28.0,0,2,15.2,C
680,3,0,female,28.0,0,2,7.8,Q
681,3,0,male,40.0,1,1,15.5,Q
682,3,0,female,32.0,1,1,15.5,Q
683,3,0,male,21.0,0,0,16.1,S
684,3,1,female,22.0,0,0,7.7,Q
685,3,0,female,20.0,0,0,7.9,S
686,3,0,male,29.0,1,0,7.0,S
687,3,0,male,22.0,1,0,7.2,S
688,3,0,male,22.0,0,0,7.8,S
689,3,0,male,35.0,0,0,8.0,S
690,3,0,female,18.5,0,0,7.3,Q
691,3,1,male,21.0,0,0,7.8,Q
692,3,0,male,19.0,0,0,6.8,Q
693,3,0,female,18.0,0,0,7.9,Q
694,3,0,female,21.0,0,0,8.7,S
695,3,0,female,30.0,0,0,8.7,S
696,3,0,male,18.0,0,0,8.7,S
697,3,0,male,38.0,0,0,8.7,S
698,3,0,male,17.0,0,0,8.7,S
699,3,0,male,17.0,0,0,8.7,S
700,3,0,female,21.0,0,0,7.8,Q
701,3,0,male,21.0,0,0,7.8,Q
702,3,0,male,21.0,0,0,8.0,S
703,3,0,male,28.0,1,0,14.5,C
704,3,0,female,28.0,1,0,14.5,C
705,3,0,male,28.0,0,0,7.8,S
706,3,0,male,24.0,0,0,7.9,S
707,3,1,female,16.0,0,0,7.8,Q
708,3,0,female,37.0,0,0,7.8,Q
709,3,0,male,28.0,0,0,7.2,S
710,3,0,male,24.0,0,0,8.0,S
711,3,0,male,21.0,0,0,7.7,Q
712,3,1,male,32.0,0,0,56.5,S
713,3,0,male,29.0,0,0,8.0,S
714,3,0,male,26.0,1,0,14.5,C
715,3,0,male,18.0,1,0,14.5,C
716,3,0,male,20.0,0,0,7.0,S
717,3,1,male,18.0,0,0,8.0,S
718,3,0,male,24.0,0,0,7.2,Q
719,3,0,male,36.0,0,0,7.5,S
720,3,0,male,24.0,0,0,7.5,S
721,3,0,male,31.0,0,0,7.7,Q
722,3,0,male,31.0,0,0,7.8,Q
723,3,1,female,22.0,0,0,7.8,Q
724,3,0,female,30.0,0,0,7.6,Q
725,3,0,male,70.5,0,0,7.8,Q
726,3,0,male,43.0,0,0,8.0,S
727,3,0,male,35.0,0,0,7.9,S
728,3,0,male,27.0,0,0,7.9,S
729,3,0,male,19.0,0,0,7.9,S
730,3,0,male,30.0,0,0,8.0,S
731,3,1,male,9.0,1,1,15.9,S
732,3,1,male,3.0,1,1,15.9,S
733,3,1,female,36.0,0,2,15.9,S
734,3,0,male,59.0,0,0,7.2,S
735,3,0,male,19.0,0,0,8.2,S
736,3,1,female,17.0,0,1,16.1,S
737,3,0,male,44.0,0,1,16.1,S
738,3,0,male,17.0,0,0,8.7,S
739,3,0,male,22.5,0,0,7.2,C
740,3,1,male,45.0,0,0,8.0,S
741,3,0,female,22.0,0,0,10.5,S
742,3,0,male,19.0,0,0,10.2,S
743,3,1,female,30.0,0,0,7.0,Q
744,3,1,male,29.0,0,0,7.8,Q
745,3,0,male,0.3,0,2,14.4,S
746,3,0,male,34.0,1,1,14.4,S
747,3,0,female,28.0,1,1,14.4,S
748,3,0,male,27.0,0,0,7.9,S
749,3,0,male,25.0,0,0,7.9,S
750,3,0,male,24.0,2,0,24.2,S
751,3,0,male,22.0,0,0,8.0,S
752,3,0,male,21.0,2,0,24.2,S
753,3,0,male,17.0,2,0,8.0,S
754,3,0,male,28.0,1,0,16.1,S
755,3,1,female,28.0,1,0,16.1,S
756,3,1,male,36.5,1,0,17.4,S
757,3,1,female,36.0,1,0,17.4,S
758,3,1,male,30.0,0,0,9.5,S
759,3,0,male,16.0,0,0,9.5,S
760,3,1,male,1.0,1,2,20.6,S
761,3,1,female,0.2,1,2,20.6,S
762,3,0,male,26.0,1,2,20.6,S
763,3,1,female,33.0,1,2,20.6,S
764,3,0,male,25.0,0,0,7.9,S
765,3,0,male,28.0,0,0,7.9,S
766,3,0,male,28.0,0,0,7.9,S
767,3,0,male,22.0,0,0,7.2,S
768,3,0,male,36.0,0,0,7.2,S
769,3,1,female,19.0,0,0,7.9,Q
770,3,0,male,17.0,0,0,7.9,S
771,3,0,male,42.0,0,0,8.7,S
772,3,0,male,43.0,0,0,7.9,S
773,3,0,male,28.0,0,0,7.2,C
774,3,0,male,32.0,0,0,7.8,Q
775,3,1,male,19.0,0,0,8.0,S
776,3,1,female,30.0,0,0,12.5,S
777,3,0,female,24.0,0,0,7.8,Q
778,3,1,female,23.0,0,0,8.0,S
779,3,0,male,33.0,0,0,7.9,C
780,3,0,male,65.0,0,0,7.8,Q
781,3,1,male,24.0,0,0,7.6,S
782,3,0,male,23.0,1,0,13.9,S
783,3,1,female,22.0,1,0,13.9,S
784,3,0,male,18.0,0,0,7.8,S
785,3,0,male,16.0,0,0,7.8,S
786,3,0,male,45.0,0,0,7.0,S
787,3,0,male,28.0,0,0,7.2,C
788,3,0,male,39.0,0,2,7.2,C
789,3,0,male,17.0,1,1,7.2,C
790,3,0,male,15.0,1,1,7.2,C
791,3,0,male,47.0,0,0,7.2,S
792,3,1,female,5.0,0,0,12.5,S
793,3,0,male,28.0,0,0,7.2,C
794,3,0,male,40.5,0,0,15.1,S
795,3,0,male,40.5,0,0,7.8,Q
796,3,1,male,28.0,0,0,7.0,S
797,3,0,male,18.0,0,0,7.8,S
798,3,0,female,28.0,0,0,7.8,Q
799,3,0,male,28.0,0,0,7.8,Q
800,3,0,male,28.0,0,0,7.0,Q
801,3,0,male,26.0,0,0,7.9,Q
802,3,0,male,28.0,0,0,7.8,Q
803,3,1,male,28.0,0,0,56.5,S
804,3,0,female,21.0,2,2,34.4,S
805,3,0,female,9.0,2,2,34.4,S
806,3,0,male,28.0,0,0,8.0,S
807,3,0,male,18.0,2,2,34.4,S
808,3,0,male,16.0,1,3,34.4,S
809,3,0,female,48.0,1,3,34.4,S
810,3,0,male,28.0,0,0,7.8,Q
811,3,0,male,28.0,0,0,7.2,S
812,3,0,male,25.0,0,0,7.7,Q
813,3,0,male,28.0,0,0,14.5,S
814,3,0,male,28.0,0,0,7.9,C
815,3,0,male,22.0,0,0,8.0,S
816,3,1,female,16.0,0,0,7.7,Q
817,3,1,female,28.0,0,0,7.8,Q
818,3,1,male,9.0,0,2,20.5,S
819,3,0,male,33.0,1,1,20.5,S
820,3,0,male,41.0,0,0,7.8,S
821,3,1,female,31.0,1,1,20.5,S
822,3,0,male,38.0,0,0,7.0,S
823,3,0,male,9.0,5,2,46.9,S
824,3,0,male,1.0,5,2,46.9,S
825,3,0,male,11.0,5,2,46.9,S
826,3,0,female,10.0,5,2,46.9,S
827,3,0,female,16.0,5,2,46.9,S
828,3,0,male,14.0,5,2,46.9,S
829,3,0,male,40.0,1,6,46.9,S
830,3,0,female,43.0,1,6,46.9,S
831,3,0,male,51.0,0,0,8.0,S
832,3,0,male,32.0,0,0,8.4,S
833,3,0,male,28.0,0,0,8.0,S
834,3,0,male,20.0,0,0,9.8,S
835,3,0,male,37.0,2,0,7.9,S
836,3,0,male,28.0,2,0,7.9,S
837,3,0,male,19.0,0,0,7.8,S
838,3,0,female,24.0,0,0,8.8,S
839,3,0,female,17.0,0,0,7.7,Q
840,3,0,male,28.0,1,0,20.0,S
841,3,0,male,28.0,1,0,20.0,S
842,3,0,male,28.0,1,0,15.8,S
843,3,1,female,24.0,1,0,15.8,S
844,3,0,male,20.0,0,0,9.5,S
845,3,0,male,23.5,0,0,7.2,C
846,3,0,male,41.0,2,0,14.1,S
847,3,0,male,26.0,1,0,7.9,S
848,3,0,male,21.0,0,0,7.9,S
849,3,1,female,45.0,1,0,14.1,S
850,3,0,female,28.0,0,0,7.6,S
851,3,0,male,25.0,0,0,7.2,S
852,3,0,male,28.0,0,0,6.9,Q
853,3,0,male,11.0,0,0,18.8,C
854,3,1,female,28.0,0,0,7.8,Q
855,3,1,male,27.0,0,0,7.0,S
856,3,1,male,28.0,0,0,56.5,S
857,3,0,female,18.0,0,0,6.8,Q
858,3,1,female,26.0,0,0,7.9,S
859,3,0,female,23.0,0,0,7.9,S
860,3,1,female,22.0,0,0,9.0,S
861,3,0,male,28.0,0,0,7.9,S
862,3,0,female,28.0,0,0,7.8,S
863,3,0,female,28.0,0,0,7.8,Q
864,3,1,female,2.0,0,1,12.3,S
865,3,1,female,22.0,1,1,12.3,S
866,3,0,male,43.0,0,0,6.4,S
867,3,0,male,28.0,0,0,22.5,S
868,3,1,female,27.0,0,0,7.9,S
869,3,0,male,28.0,0,0,7.8,Q
870,3,1,female,28.0,0,0,8.0,S
871,3,0,male,42.0,0,0,7.6,S
872,3,1,male,28.0,0,0,7.9,S
873,3,0,male,30.0,0,0,7.2,C
874,3,0,male,28.0,0,0,7.9,S
875,3,0,female,27.0,1,0,7.9,S
876,3,0,female,25.0,1,0,7.9,S
877,3,0,male,28.0,0,0,7.9,S
878,3,1,male,29.0,0,0,7.9,C
879,3,1,male,21.0,0,0,7.8,S
880,3,0,male,28.0,0,0,7.0,S
881,3,0,male,20.0,0,0,7.9,S
882,3,0,male,48.0,0,0,7.9,S
883,3,0,male,17.0,1,0,7.1,S
884,3,1,female,28.0,0,0,7.8,Q
885,3,1,male,28.0,0,0,8.1,S
886,3,0,male,34.0,0,0,6.5,S
887,3,1,male,26.0,0,0,7.8,S
888,3,0,male,22.0,0,0,7.8,S
889,3,0,male,33.0,0,0,8.7,S
890,3,0,male,31.0,0,0,7.8,S
891,3,0,male,29.0,0,0,7.9,S
892,3,1,male,4.0,1,1,11.1,S
893,3,1,female,1.0,1,1,11.1,S
894,3,0,male,49.0,0,0,0.0,S
895,3,0,male,33.0,0,0,7.8,S
896,3,0,male,19.0,0,0,0.0,S
897,3,1,female,27.0,0,2,11.1,S
898,3,0,male,28.0,1,2,23.4,S
899,3,0,female,28.0,1,2,23.4,S
900,3,0,male,28.0,1,2,23.4,S
901,3,0,female,28.0,1,2,23.4,S
902,3,0,male,23.0,0,0,7.9,S
903,3,1,male,32.0,0,0,7.9,S
904,3,0,male,27.0,0,0,7.9,S
905,3,0,female,20.0,1,0,9.8,S
906,3,0,female,21.0,1,0,9.8,S
907,3,1,male,32.0,0,0,7.9,S
908,3,0,male,17.0,0,0,7.1,S
909,3,0,male,21.0,0,0,8.4,S
910,3,0,male,30.0,0,0,7.9,S
911,3,1,male,21.0,0,0,7.8,S
912,3,0,male,33.0,0,0,7.9,S
913,3,0,male,22.0,0,0,7.5,S
914,3,1,female,4.0,0,1,13.4,C
915,3,1,male,39.0,0,1,13.4,C
916,3,0,male,28.0,0,0,7.2,C
917,3,0,male,18.5,0,0,7.2,C
918,3,0,male,28.0,0,0,7.8,Q
919,3,0,male,28.0,0,0,7.2,S
920,3,1,female,28.0,0,0,7.8,Q
921,3,1,female,28.0,0,0,7.8,Q
922,3,0,male,34.5,0,0,7.8,Q
923,3,0,male,44.0,0,0,8.0,S
924,3,1,male,28.0,0,0,7.8,Q
925,3,0,male,28.0,1,0,14.5,C
926,3,0,female,28.0,1,0,14.5,C
927,3,0,male,28.0,1,0,7.8,Q
928,3,0,male,28.0,1,0,7.8,Q
929,3,0,male,28.0,0,0,7.7,Q
930,3,0,female,22.0,2,0,8.7,S
931,3,0,male,26.0,2,0,8.7,S
932,3,1,female,4.0,0,2,22.0,S
933,3,1,male,29.0,3,1,22.0,S
934,3,1,female,26.0,1,1,22.0,S
935,3,0,female,1.0,1,1,12.2,S
936,3,0,male,18.0,1,1,7.9,S
937,3,0,female,36.0,0,2,12.2,S
938,3,0,male,28.0,0,0,7.9,C
939,3,1,male,25.0,0,0,7.2,C
940,3,0,male,28.0,0,0,7.2,C
941,3,0,female,37.0,0,0,9.6,S
942,3,0,male,28.0,0,0,7.9,S
943,3,1,male,28.0,0,0,56.5,S
944,3,0,male,28.0,0,0,56.5,S
945,3,1,female,22.0,0,0,7.2,S
946,3,0,male,28.0,0,0,7.8,Q
947,3,1,male,26.0,0,0,56.5,S
948,3,0,male,29.0,0,0,9.5,S
949,3,0,male,29.0,0,0,7.8,S
950,3,0,male,22.0,0,0,7.8,S
951,3,1,male,22.0,0,0,7.2,C
952,3,0,male,28.0,3,1,25.5,S
953,3,0,female,28.0,3,1,25.5,S
954,3,0,female,28.0,3,1,25.5,S
955,3,0,female,28.0,3,1,25.5,S
956,3,0,female,28.0,0,4,25.5,S
957,3,0,male,32.0,0,0,7.9,S
958,3,0,male,34.5,0,0,6.4,C
959,3,0,female,28.0,1,0,15.5,Q
960,3,0,male,28.0,1,0,15.5,Q
961,3,0,male,36.0,0,0,0.0,S
962,3,0,male,39.0,0,0,24.2,S
963,3,0,male,24.0,0,0,9.5,S
964,3,0,female,25.0,0,0,7.8,S
965,3,0,female,45.0,0,0,7.8,S
966,3,0,male,36.0,1,0,15.6,S
967,3,0,female,30.0,1,0,15.6,S
968,3,1,male,20.0,1,0,7.9,S
969,3,0,male,28.0,0,0,7.9,Q
970,3,0,male,28.0,0,0,56.5,S
971,3,0,male,28.0,0,0,7.6,S
972,3,0,male,30.0,1,0,16.1,S
973,3,0,female,26.0,1,0,16.1,S
974,3,0,male,28.0,0,0,7.9,S
975,3,0,male,20.5,0,0,7.2,S
976,3,1,male,27.0,0,0,8.7,S
977,3,0,male,51.0,0,0,7.1,S
978,3,1,female,23.0,0,0,7.9,S
979,3,1,male,32.0,0,0,7.6,S
980,3,0,male,28.0,0,0,7.9,S
981,3,0,male,28.0,0,0,7.6,S
982,3,1,female,28.0,0,0,7.8,Q
983,3,1,male,24.0,0,0,7.1,S
984,3,0,male,22.0,0,0,7.1,S
985,3,0,female,28.0,0,0,7.9,Q
986,3,0,male,28.0,0,0,7.8,Q
987,3,0,male,28.0,0,0,8.0,S
988,3,0,male,29.0,0,0,7.9,S
989,3,1,male,28.0,0,0,7.2,C
990,3,0,female,30.5,0,0,7.8,Q
991,3,1,female,28.0,0,0,7.7,Q
992,3,0,male,28.0,0,0,7.2,C
993,3,0,male,35.0,0,0,7.9,C
994,3,0,male,33.0,0,0,7.9,S
995,3,1,female,28.0,0,0,7.2,C
996,3,0,male,28.0,0,0,7.9,C
997,3,1,female,28.0,0,0,7.8,Q
998,3,1,male,28.0,0,0,7.8,Q
999,3,1,female,28.0,2,0,23.2,Q
1000,3,1,female,28.0,2,0,23.2,Q
1001,3,1,male,28.0,2,0,23.2,Q
1002,3,1,female,28.0,0,0,7.8,Q
1003,3,0,male,28.0,0,0,15.5,Q
1004,3,1,female,28.0,0,0,7.9,Q
1005,3,1,female,15.0,0,0,8.0,Q
1006,3,0,female,35.0,0,0,7.8,Q
1007,3,0,male,28.0,0,0,7.8,Q
1008,3,0,male,24.0,1,0,16.1,S
1009,3,0,female,19.0,1,0,16.1,S
1010,3,0,female,28.0,0,0,7.8,Q
1011,3,0,female,28.0,0,0,8.0,S
1012,3,0,female,28.0,0,0,8.0,S
1013,3,0,male,55.5,0,0,8.0,S
1014,3,0,male,28.0,0,0,7.8,Q
1015,3,1,male,21.0,0,0,7.8,S
1016,3,0,male,28.0,0,0,8.0,S
1017,3,0,male,24.0,0,0,7.9,S
1018,3,0,male,21.0,0,0,7.9,S
1019,3,0,male,28.0,0,0,7.9,S
1020,3,0,male,28.0,0,0,7.9,S
1021,3,1,female,28.0,0,0,7.9,Q
1022,3,0,male,25.0,0,0,7.6,S
1023,3,1,male,6.0,0,1,12.5,S
1024,3,1,female,27.0,0,1,12.5,S
1025,3,0,male,28.0,0,0,8.0,S
1026,3,1,female,28.0,1,0,24.2,Q
1027,3,0,male,28.0,1,0,24.2,Q
1028,3,0,male,28.0,0,0,8.5,Q
1029,3,0,male,34.0,0,0,8.0,S
1030,3,0,male,28.0,0,0,7.8,Q
1031,3,1,male,28.0,0,0,7.8,S
1032,3,1,male,28.0,1,1,15.2,C
1033,3,1,male,28.0,1,1,15.2,C
1034,3,1,female,28.0,0,2,15.2,C
1035,3,1,female,28.0,0,0,7.2,C
1036,3,0,male,28.0,0,0,8.0,S
1037,3,1,female,28.0,0,0,7.7,Q
1038,3,1,female,24.0,0,0,7.8,Q
1039,3,0,male,28.0,0,0,8.0,S
1040,3,1,female,28.0,1,0,15.5,Q
1041,3,1,female,28.0,1,0,15.5,Q
1042,3,1,female,28.0,0,0,15.5,Q
1043,3,0,male,18.0,0,0,7.8,S
1044,3,0,male,22.0,0,0,7.9,S
1045,3,1,female,15.0,0,0,7.2,C
1046,3,1,female,1.0,0,2,15.7,C
1047,3,1,male,20.0,1,1,15.7,C
1048,3,1,female,19.0,1,1,15.7,C
1049,3,0,male,33.0,0,0,8.0,S
1050,3,0,male,28.0,0,0,7.9,S
1051,3,0,male,28.0,0,0,7.2,C
1052,3,0,female,28.0,0,0,7.8,Q
1053,3,0,male,28.0,0,0,7.9,S
1054,3,1,male,12.0,1,0,11.2,C
1055,3,1,female,14.0,1,0,11.2,C
1056,3,0,female,29.0,0,0,7.9,S
1057,3,0,male,28.0,0,0,8.0,S
1058,3,1,female,18.0,0,0,7.8,S
1059,3,1,female,26.0,0,0,7.9,S
1060,3,0,male,21.0,0,0,7.9,S
1061,3,0,male,41.0,0,0,7.1,S
1062,3,1,male,39.0,0,0,7.9,S
1063,3,0,male,21.0,0,0,7.8,S
1064,3,0,male,28.5,0,0,7.2,C
1065,3,1,female,22.0,0,0,7.8,S
1066,3,0,male,61.0,0,0,6.2,S
1067,3,0,male,28.0,1,0,15.5,Q
1068,3,0,male,28.0,0,0,7.8,Q
1069,3,1,female,28.0,1,0,15.5,Q
1070,3,0,male,28.0,0,0,7.7,Q
1071,3,0,male,28.0,0,0,7.8,Q
1072,3,0,male,28.0,0,0,7.8,Q
1073,3,0,male,23.0,0,0,9.2,S
1074,3,0,female,28.0,0,0,7.8,Q
1075,3,1,female,28.0,0,0,7.8,Q
1076,3,1,female,28.0,0,0,7.9,Q
1077,3,1,female,22.0,0,0,7.8,S
1078,3,1,male,28.0,0,0,7.8,Q
1079,3,1,female,28.0,0,0,7.8,Q
1080,3,1,male,9.0,0,1,3.2,S
1081,3,0,male,28.0,0,0,22.5,S
1082,3,0,male,42.0,0,1,8.4,S
1083,3,0,male,28.0,0,0,7.3,S
1084,3,0,female,31.0,0,0,7.9,S
1085,3,0,male,28.0,0,0,7.9,S
1086,3,1,male,32.0,0,0,7.8,S
1087,3,0,male,20.0,0,0,9.2,S
1088,3,0,female,23.0,0,0,8.7,S
1089,3,0,female,20.0,0,0,8.7,S
1090,3,0,male,20.0,0,0,8.7,S
1091,3,0,male,16.0,0,0,9.2,S
1092,3,1,female,31.0,0,0,8.7,S
1093,3,0,female,28.0,0,0,7.6,Q
1094,3,0,male,2.0,3,1,21.1,S
1095,3,0,male,6.0,3,1,21.1,S
1096,3,0,female,3.0,3,1,21.1,S
1097,3,0,female,8.0,3,1,21.1,S
1098,3,0,female,29.0,0,4,21.1,S
1099,3,0,male,1.0,4,1,39.7,S
1100,3,0,male,7.0,4,1,39.7,S
1101,3,0,male,2.0,4,1,39.7,S
1102,3,0,male,16.0,4,1,39.7,S
1103,3,0,male,14.0,4,1,39.7,S
1104,3,0,female,41.0,0,5,39.7,S
1105,3,0,male,21.0,0,0,8.7,S
1106,3,0,male,19.0,0,0,14.5,S
1107,3,0,male,28.0,0,0,8.7,C
1108,3,0,male,32.0,0,0,7.9,S
1109,3,0,male,0.8,1,1,13.8,S
1110,3,0,female,3.0,1,1,13.8,S
1111,3,0,female,26.0,0,2,13.8,S
1112,3,0,male,28.0,0,0,7.0,S
1113,3,0,male,28.0,0,0,7.8,S
1114,3,0,male,28.0,0,0,8.0,S
1115,3,0,male,21.0,0,0,7.9,S
1116,3,0,male,25.0,0,0,7.9,S
1117,3,0,male,22.0,0,0,7.2,S
1118,3,1,male,25.0,1,0,7.8,S
1119,3,1,male,28.0,1,1,22.4,C
1120,3,1,female,28.0,1,1,22.4,C
1121,3,1,female,28.0,0,2,22.4,C
1122,3,0,female,28.0,0,0,8.1,Q
1123,3,0,male,24.0,0,0,8.0,S
1124,3,0,female,28.0,0,0,7.9,S
1125,3,0,male,19.0,0,0,7.9,S
1126,3,0,male,28.0,0,0,7.9,S
1127,3,0,male,25.0,1,0,7.8,S
1128,3,0,female,18.0,0,0,7.8,S
1129,3,1,male,32.0,0,0,8.0,S
1130,3,0,male,28.0,0,0,7.9,S
1131,3,0,male,17.0,0,0,8.7,S
1132,3,0,male,24.0,0,0,8.7,S
1133,3,0,male,28.0,0,0,7.9,S
1134,3,0,female,28.0,0,0,8.1,S
1135,3,0,male,28.0,0,0,7.2,C
1136,3,0,male,28.0,0,0,7.2,S
1137,3,0,male,38.0,0,0,7.9,S
1138,3,0,male,21.0,0,0,8.0,S
1139,3,0,male,10.0,4,1,29.1,Q
1140,3,0,male,4.0,4,1,29.1,Q
1141,3,0,male,7.0,4,1,29.1,Q
1142,3,0,male,2.0,4,1,29.1,Q
1143,3,0,male,8.0,4,1,29.1,Q
1144,3,0,female,39.0,0,5,29.1,Q
1145,3,0,female,22.0,0,0,39.7,S
1146,3,0,male,35.0,0,0,7.1,S
1147,3,1,female,28.0,0,0,7.7,Q
1148,3,0,male,28.0,0,0,14.5,S
1149,3,0,female,28.0,0,0,14.5,S
1150,3,0,male,50.0,1,0,14.5,S
1151,3,0,female,47.0,1,0,14.5,S
1152,3,0,male,28.0,0,0,8.0,S
1153,3,0,male,28.0,0,0,7.8,S
1154,3,0,female,2.0,1,1,20.2,S
1155,3,0,male,18.0,1,1,20.2,S
1156,3,0,female,41.0,0,2,20.2,S
1157,3,1,female,28.0,0,0,8.0,S
1158,3,0,male,50.0,0,0,8.0,S
1159,3,0,male,16.0,0,0,8.0,S
1160,3,1,male,28.0,0,0,7.8,Q
1161,3,0,male,28.0,0,0,24.2,Q
1162,3,0,male,28.0,0,0,7.2,C
1163,3,0,male,25.0,0,0,7.2,C
1164,3,0,male,28.0,0,0,7.2,C
1165,3,0,male,28.0,0,0,7.7,Q
1166,3,0,male,28.0,0,0,7.6,S
1167,3,0,male,38.5,0,0,7.2,S
1168,3,0,male,28.0,8,2,69.6,S
1169,3,0,male,14.5,8,2,69.6,S
1170,3,0,female,28.0,8,2,69.6,S
1171,3,0,female,28.0,8,2,69.6,S
1172,3,0,female,28.0,8,2,69.6,S
1173,3,0,female,28.0,8,2,69.6,S
1174,3,0,male,28.0,8,2,69.6,S
1175,3,0,male,28.0,8,2,69.6,S
1176,3,0,male,28.0,8,2,69.6,S
1177,3,0,male,28.0,1,9,69.6,S
1178,3,0,female,28.0,1,9,69.6,S
1179,3,0,male,24.0,0,0,9.3,S
1180,3,1,female,21.0,0,0,7.6,S
1181,3,0,male,39.0,0,0,7.9,S
1182,3,0,male,28.0,2,0,21.7,C
1183,3,0,male,28.0,2,0,21.7,C
1184,3,0,male,28.0,2,0,21.7,C
1185,3,1,female,1.0,1,1,16.7,S
1186,3,1,female,24.0,0,2,16.7,S
1187,3,1,female,4.0,1,1,16.7,S
1188,3,1,male,25.0,0,0,9.5,S
1189,3,0,male,20.0,0,0,8.0,S
1190,3,0,male,24.5,0,0,8.0,S
1191,3,0,male,28.0,0,0,7.7,Q
1192,3,0,male,28.0,0,0,7.9,S
1193,3,0,male,28.0,0,0,7.8,Q
1194,3,1,male,29.0,0,0,9.5,S
1195,3,0,male,28.0,0,0,15.1,S
1196,3,1,female,28.0,0,0,7.8,Q
1197,3,0,male,28.0,0,0,8.0,S
1198,3,0,male,28.0,0,0,8.0,S
1199,3,0,male,22.0,0,0,7.2,C
1200,3,0,male,28.0,0,0,8.0,S
1201,3,0,male,40.0,0,0,7.9,S
1202,3,0,male,21.0,0,0,7.9,S
1203,3,1,female,18.0,0,0,7.5,S
1204,3,0,male,4.0,3,2,27.9,S
1205,3,0,male,10.0,3,2,27.9,S
1206,3,0,female,9.0,3,2,27.9,S
1207,3,0,female,2.0,3,2,27.9,S
1208,3,0,male,40.0,1,4,27.9,S
1209,3,0,female,45.0,1,4,27.9,S
1210,3,0,male,28.0,0,0,7.9,S
1211,3,0,male,28.0,0,0,8.0,S
1212,3,0,male,28.0,0,0,8.7,S
1213,3,0,male,28.0,0,0,7.8,Q
1214,3,1,female,28.0,0,0,7.7,Q
1215,3,0,male,19.0,0,0,7.6,S
1216,3,0,male,30.0,0,0,8.0,S
1217,3,0,male,28.0,0,0,8.0,S
1218,3,0,male,32.0,0,0,8.0,S
1219,3,0,male,28.0,0,0,7.9,S
1220,3,0,male,33.0,0,0,8.7,C
1221,3,1,female,23.0,0,0,7.6,S
1222,3,0,male,21.0,0,0,8.0,S
1223,3,0,male,19.0,0,0,7.9,S
1224,3,0,female,22.0,0,0,9.8,S
1225,3,1,male,31.0,0,0,7.9,S
1226,3,0,male,27.0,0,0,8.7,S
1227,3,0,female,2.0,0,1,10.5,S
1228,3,0,female,29.0,1,1,10.5,S
1229,3,1,male,16.0,0,0,8.0,S
1230,3,1,male,44.0,0,0,7.9,S
1231,3,0,male,25.0,0,0,7.0,S
1232,3,0,male,74.0,0,0,7.8,S
1233,3,1,male,14.0,0,0,9.2,S
1234,3,0,male,24.0,0,0,7.8,S
1235,3,1,male,25.0,0,0,7.8,S
1236,3,0,male,34.0,0,0,8.0,S
1237,3,1,male,0.4,0,1,8.5,C
1238,3,0,male,28.0,1,0,6.4,C
1239,3,0,male,28.0,0,0,6.4,C
1240,3,0,male,28.0,0,0,7.2,C
1241,3,1,female,16.0,1,1,8.5,C
1242,3,0,male,28.0,0,0,8.0,S
1243,3,0,male,28.0,1,0,16.1,S
1244,3,1,female,28.0,1,0,16.1,S
1245,3,0,male,32.0,0,0,7.9,S
1246,3,0,male,28.0,0,0,7.8,Q
1247,3,0,male,28.0,0,0,7.9,S
1248,3,0,male,30.5,0,0,8.0,S
1249,3,0,male,44.0,0,0,8.0,S
1250,3,0,male,28.0,0,0,7.2,C
1251,3,1,male,25.0,0,0,0.0,S
1252,3,0,male,28.0,0,0,7.2,C
1253,3,1,male,7.0,1,1,15.2,C
1254,3,1,female,9.0,1,1,15.2,C
1255,3,1,female,29.0,0,2,15.2,C
1256,3,0,male,36.0,0,0,7.9,S
1257,3,1,female,18.0,0,0,9.8,S
1258,3,1,female,63.0,0,0,9.6,S
1259,3,0,male,28.0,1,1,14.5,S
1260,3,0,male,11.5,1,1,14.5,S
1261,3,0,male,40.5,0,2,14.5,S
1262,3,0,female,10.0,0,2,24.2,S
1263,3,0,male,36.0,1,1,24.2,S
1264,3,0,female,30.0,1,1,24.2,S
1265,3,0,male,28.0,0,0,9.5,S
1266,3,0,male,33.0,0,0,9.5,S
1267,3,0,male,28.0,0,0,9.5,S
1268,3,0,male,28.0,0,0,9.5,S
1269,3,0,male,47.0,0,0,9.0,S
1270,3,0,female,18.0,2,0,18.0,S
1271,3,0,male,31.0,3,0,18.0,S
1272,3,0,male,16.0,2,0,18.0,S
1273,3,0,female,31.0,1,0,18.0,S
1274,3,1,male,22.0,0,0,7.2,C
1275,3,0,male,20.0,0,0,7.9,S
1276,3,0,female,14.0,0,0,7.9,S
1277,3,0,male,22.0,0,0,7.9,S
1278,3,0,male,22.0,0,0,9.0,S
1279,3,0,male,28.0,0,0,8.0,S
1280,3,0,male,28.0,0,0,7.6,S
1281,3,0,male,28.0,0,0,8.0,S
1282,3,0,male,32.5,0,0,9.5,S
1283,3,1,female,38.0,0,0,7.2,C
1284,3,0,male,51.0,0,0,7.8,S
1285,3,0,male,18.0,1,0,6.5,S
1286,3,0,male,21.0,1,0,6.5,S
1287,3,1,female,47.0,1,0,7.0,S
1288,3,0,male,28.0,0,0,8.7,S
1289,3,0,male,28.0,0,0,7.6,S
1290,3,0,male,28.0,0,0,8.0,S
1291,3,0,male,28.5,0,0,16.1,S
1292,3,0,male,21.0,0,0,7.2,S
1293,3,0,male,27.0,0,0,8.7,S
1294,3,0,male,28.0,0,0,7.2,S
1295,3,0,male,36.0,0,0,9.5,S
1296,3,0,male,27.0,1,0,14.5,C
1297,3,1,female,15.0,1,0,14.5,C
1298,3,0,male,45.5,0,0,7.2,C
1299,3,0,male,28.0,0,0,7.2,C
1300,3,0,male,28.0,0,0,14.5,C
1301,3,0,female,14.5,1,0,14.5,C
1302,3,0,female,28.0,1,0,14.5,C
1303,3,0,male,26.5,0,0,7.2,C
1304,3,0,male,27.0,0,0,7.2,C
1305,3,0,male,29.0,0,0,7.9,S
